Name,Position,Overall Score,Replacement Score
Josh Allen,QB,420.96999999999997,103.38799999999998
Lamar Jackson,QB,384.608,67.02600000000001
Drake Maye,QB,380.288,62.70600000000002
Jalen Hurts,QB,369.57599999999996,51.99399999999997
Dak Prescott,QB,378.222,60.639999999999986
Joe Burrow,QB,380.68399999999997,63.101999999999975
Jayden Daniels,QB,359.126,41.54399999999998
Trevor Lawrence,QB,364.4840000000001,46.9020000000001
Brock Purdy,QB,367.214,49.632000000000005
Patrick Mahomes II,QB,360.776,43.19400000000002
Justin Herbert,QB,355.546,37.964
Caleb Williams,QB,358.41600000000005,40.83400000000006
Jaxson Dart,QB,344.46,26.877999999999986
Kyler Murray,QB,348.1599999999999,30.577999999999918
Matthew Stafford,QB,364.8979999999999,47.31599999999992
Bo Nix,QB,348.262,30.680000000000007
Jared Goff,QB,357.006,39.42399999999998
Baker Mayfield,QB,338.82000000000005,21.238000000000056
Tyler Shough,QB,324.782,7.199999999999989
Jordan Love,QB,331.52400000000006,13.942000000000064
Sam Darnold,QB,330.336,12.754000000000019
Daniel Jones,QB,317.582,0.0
Malik Willis,QB,305.82,-11.762
C.J. Stroud,QB,306.94000000000005,-10.641999999999939
Bryce Young,QB,297.29999999999995,-20.28200000000004
Jacoby Brissett,QB,278.15,-39.432000000000016
Cam Ward,QB,272.094,-45.488
Geno Smith,QB,271.46200000000005,-46.11999999999995
Aaron Rodgers,QB,275.80400000000003,-41.77799999999996
Fernando Mendoza,QB,198.52599999999998,-119.05600000000001
Tua Tagovailoa,QB,199.29600000000005,-118.28599999999994
Deshaun Watson,QB,182.164,-135.418
Shedeur Sanders,QB,93.042,-224.54
Michael Penix Jr.,QB,87.684,-229.898
Kirk Cousins,QB,75.44,-242.142
Carson Beck,QB,35.26200000000001,-282.32
Ty Simpson,QB,18.646,-298.936
Riley Leonard,QB,16.264,-301.318
Marcus Mariota,QB,16.406000000000002,-301.176
Joshua Dobbs,QB,12.55,-305.032
Quinn Ewers,QB,12.475999999999999,-305.106
J.J. McCarthy,QB,12.124,-305.45799999999997
Tanner McKee,QB,12.430000000000001,-305.152
Jalon Daniels,QB,11.984,-305.598
Justin Fields,QB,11.912000000000003,-305.67
Drew Allar,QB,12.078,-305.504
Tyson Bagent,QB,11.514000000000001,-306.068
Jameis Winston,QB,11.744000000000002,-305.83799999999997
Davis Mills,QB,10.782000000000002,-306.8
Cole Payton,QB,11.2,-306.382
Mac Jones,QB,10.374000000000002,-307.20799999999997
Tommy DeVito,QB,10.376000000000001,-307.206
Jalen Milroe,QB,10.96,-306.622
Jarrett Stidham,QB,10.316,-307.266
Tyrod Taylor,QB,9.723999999999998,-307.858
Kenny Pickett,QB,10.118000000000002,-307.464
Anthony Richardson Sr.,QB,9.815999999999999,-307.766
Trey Lance,QB,9.824,-307.758
Tyler Huntley,QB,9.39,-308.192
Spencer Rattler,QB,9.368,-308.214
Joe Flacco,QB,9.646000000000003,-307.936
Drew Lock,QB,9.19,-308.392
Kyle McCord,QB,9.436,-308.146
Cade Klubnik,QB,9.488000000000001,-308.094
Gardner Minshew II,QB,9.326,-308.256
Kyle Allen,QB,9.266000000000002,-308.316
Mitchell Trubisky,QB,8.808,-308.774
Sam Howell,QB,8.894,-308.688
Andy Dalton,QB,7.522,-310.06
Joe Milton III,QB,7.140000000000001,-310.442
Will Howard,QB,6.57,-311.012
Mason Rudolph,QB,6.322000000000001,-311.26
Stetson Bennett IV,QB,6.2,-311.382
Brady Cook,QB,5.930000000000001,-311.652
Josh Johnson,QB,0.0,-317.582
Nick Mullens,QB,0.0,-317.582
Aidan O'Connell,QB,0.0,-317.582
Jahmyr Gibbs,RB,334.8,256.75
Bijan Robinson,RB,316.71,238.65999999999997
Christian McCaffrey,RB,291.89,213.83999999999997
Jonathan Taylor,RB,286.95,208.89999999999998
Derrick Henry,RB,267.83000000000004,189.78000000000003
De'Von Achane,RB,266.15000000000003,188.10000000000002
James Cook III,RB,254.91000000000003,176.86
Chase Brown,RB,253.61,175.56
Saquon Barkley,RB,251.57,173.51999999999998
Kenneth Walker III,RB,234.14999999999998,156.09999999999997
Ashton Jeanty,RB,227.55,149.5
Efton Chism III,WR,15.78,-100.66999999999999
Omarion Hampton,RB,224.67,146.62
Breece Hall,RB,223.28999999999996,145.23999999999995
Javonte Williams,RB,214.77,136.72000000000003
Cam Skattebo,RB,212.57,134.51999999999998
Travis Etienne Jr.,RB,212.04000000000002,133.99
Kyren Williams,RB,210.32000000000002,132.27000000000004
Jeremiyah Love,RB,207.32,129.26999999999998
D'Andre Swift,RB,206.35000000000002,128.3
Quinshon Judkins,RB,194.42,116.36999999999999
Bucky Irving,RB,193.68,115.63000000000001
David Montgomery,RB,188.49999999999997,110.44999999999997
Jaylen Warren,RB,178.68000000000004,100.63000000000004
Rhamondre Stevenson,RB,176.52,98.47000000000001
Bhayshul Tuten,RB,176.07,98.02
TreVeyon Henderson,RB,167.04000000000002,88.99000000000002
J.K. Dobbins,RB,165.42,87.36999999999999
Tony Pollard,RB,163.45000000000002,85.40000000000002
Rico Dowdle,RB,159.29999999999998,81.24999999999999
Chuba Hubbard,RB,158.82999999999998,80.77999999999999
Jadarian Price,RB,153.78,75.73
Aaron Jones Sr.,RB,148.35999999999999,70.30999999999999
Kyle Monangai,RB,143.66,65.61
Jacory Croskey-Merritt,RB,139.95000000000002,61.90000000000002
RJ Harvey,RB,139.93,61.88000000000001
Rachaad White,RB,136.45000000000002,58.40000000000002
Jonathon Brooks,RB,132.99,54.94000000000001
Kenny Gainwell,RB,132.26999999999998,54.219999999999985
Jordan Mason,RB,131.52,53.47000000000001
Josh Jacobs,RB,130.75,52.7
Blake Corum,RB,128.76000000000002,50.71000000000002
MarShawn Lloyd,RB,125.22999999999999,47.17999999999999
Woody Marks,RB,119.20000000000002,41.15000000000002
Tyjae Spears,RB,109.12999999999998,31.079999999999984
Zach Charbonnet,RB,107.60999999999999,29.559999999999988
Alvin Kamara,RB,102.10000000000002,24.050000000000026
AJ Dillon,RB,90.8,12.75
Dylan Sampson,RB,90.71000000000001,12.66000000000001
Tyler Allgeier,RB,88.05,10.0
Isiah Pacheco,RB,88.05,10.0
Braelon Allen,RB,87.91999999999999,9.86999999999999
Chris Rodriguez Jr.,RB,86.33,8.280000000000001
Kaelon Black,RB,83.48,5.430000000000007
Brian Robinson Jr.,RB,82.24999999999999,4.199999999999989
Samaje Perine,RB,78.05,0.0
Mike Washington Jr.,RB,77.18999999999998,-0.8600000000000136
Justice Hill,RB,77.09,-0.9599999999999937
Tank Bigsby,RB,75.94,-2.1099999999999994
Chris Brooks,RB,75.11,-2.9399999999999977
Keaton Mitchell,RB,71.76,-6.289999999999992
Najee Harris,RB,68.73,-9.319999999999993
Ty Johnson,RB,69.19999999999999,-8.850000000000009
Tyrone Tracy Jr.,RB,68.49,-9.560000000000002
Jordan James,RB,67.08,-10.969999999999999
Emanuel Wilson,RB,59.88999999999999,-18.160000000000004
Velus Jones Jr.,RB,55.06,-22.989999999999995
Jaylen Wright,RB,53.13999999999999,-24.910000000000004
Malik Davis,RB,48.57,-29.479999999999997
Kimani Vidal,RB,44.58,-33.47
Jonah Coleman,RB,44.489999999999995,-33.56
Zavier Scott,RB,43.87,-34.18
James Conner,RB,43.19,-34.86
Brashard Smith,RB,42.14999999999999,-35.900000000000006
Jaleel McLaughlin,RB,39.33,-38.72
George Holani,RB,38.89,-39.16
Sean Tucker,RB,37.6,-40.449999999999996
Isaiah Davis,RB,36.23,-41.82
Adam Randall,RB,35.25,-42.8
Jacob Saylors,RB,34.87,-43.18
Kyle Juszczyk,RB,34.12,-43.93
Roschon Johnson,RB,32.9,-45.15
LeQuint Allen Jr.,RB,32.349999999999994,-45.7
Robbie Ouzts,RB,30.85,-47.199999999999996
DJ Giddens,RB,29.209999999999997,-48.84
Israel Abanikanda,RB,27.11,-50.94
Devin Singletary,RB,27.05,-51.0
Emmett Johnson,RB,26.25,-51.8
Ollie Gordon II,RB,25.590000000000003,-52.459999999999994
Seth McGowan,RB,24.860000000000003,-53.19
Emari Demercado,RB,25.099999999999998,-52.95
Hunter Luepke,RB,23.21,-54.839999999999996
Ray Davis,RB,21.720000000000002,-56.33
Nicholas Singleton,RB,21.730000000000004,-56.31999999999999
Rasheen Ali,RB,21.380000000000003,-56.669999999999995
Eli Heidenreich,RB,20.8,-57.25
Kaytron Allen,RB,20.44,-57.61
Trevor Etienne,RB,19.88,-58.17
Ameer Abdullah,RB,19.900000000000002,-58.14999999999999
Corey Kiner,RB,18.5,-59.55
Demond Claiborne,RB,18.64,-59.41
Raheim Sanders,RB,18.47,-59.58
Kendre Miller,RB,18.23,-59.81999999999999
Trey Benson,RB,17.65,-60.4
Dylan Laube,RB,16.44,-61.61
Patrick Ricard,RB,16.069999999999997,-61.980000000000004
Isaac Guerendo,RB,16.25,-61.8
Will Shipley,RB,16.12,-61.92999999999999
Ronnie Rivers,RB,16.0,-62.05
Tahj Brooks,RB,15.920000000000002,-62.129999999999995
Audric Estime,RB,15.83,-62.22
Alec Ingold,RB,14.09,-63.959999999999994
Michael Burton,RB,14.459999999999999,-63.589999999999996
Brittain Brown,RB,14.1,-63.949999999999996
Kaleb Johnson,RB,13.69,-64.36
Andrew Beck,RB,10.18,-67.87
Adam Prentice,RB,10.07,-67.97999999999999
Bam Knight,RB,9.56,-68.49
Kene Nwangwu,RB,9.62,-68.42999999999999
Connor Heyward,RB,8.440000000000001,-69.61
Max Bredeson,RB,7.8500000000000005,-70.2
Tyler Badie,RB,7.62,-70.42999999999999
Kendall Milton,RB,7.14,-70.91
Sione Vaki,RB,6.879999999999999,-71.17
Reggie Gilliam,RB,7.200000000000001,-70.85
Julius Chestnut,RB,6.74,-71.31
Jack Westover,RB,6.54,-71.50999999999999
Riley Nowakowski,RB,6.2700000000000005,-71.78
Travis Homer,RB,5.87,-72.17999999999999
Jeremy McNichols,RB,5.63,-72.42
British Brooks,RB,5.01,-73.03999999999999
Jerome Ford,RB,2.7500000000000004,-75.3
DeeJay Dallas,RB,0.0,-78.05
Chris Collier,RB,0.0,-78.05
Puka Nacua,WR,279.5,163.05
Ja'Marr Chase,WR,277.07000000000005,160.62000000000006
Amon-Ra St. Brown,WR,272.41999999999996,155.96999999999997
Jaxon Smith-Njigba,WR,269.17,152.72000000000003
CeeDee Lamb,WR,234.53000000000003,118.08000000000004
Rashee Rice,WR,223.51000000000002,107.06000000000003
Justin Jefferson,WR,223.39000000000001,106.94000000000003
Drake London,WR,222.42,105.97
A.J. Brown,WR,219.92000000000002,103.47000000000003
Chris Olave,WR,212.64000000000001,96.19000000000003
George Pickens,WR,210.83999999999997,94.38999999999999
Zay Flowers,WR,210.3,93.85000000000002
Nico Collins,WR,207.6,91.15
DeVonta Smith,WR,190.93,74.48000000000002
Garrett Wilson,WR,190.03,73.58000000000001
Davante Adams,WR,187.63,71.18
Tee Higgins,WR,184.66,68.21000000000001
Emeka Egbuka,WR,183.48,67.03
Tetairoa McMillan,WR,182.60999999999999,66.16
Jameson Williams,WR,182.27,65.82000000000002
Ladd McConkey,WR,173.92,57.47
Malik Nabers,WR,172.85999999999999,56.41
Jaylen Waddle,WR,171.69000000000003,55.24000000000004
Terry McLaurin,WR,168.70000000000002,52.25000000000003
Luther Burden III,WR,167.45,51.0
Christian Watson,WR,167.26000000000002,50.81000000000003
Mike Evans,WR,166.77999999999997,50.329999999999984
Alec Pierce,WR,165.85999999999999,49.41
DJ Moore,WR,165.41000000000003,48.960000000000036
Parker Washington,WR,163.15999999999997,46.70999999999998
Rome Odunze,WR,162.79999999999998,46.349999999999994
DK Metcalf,WR,161.91,45.46000000000001
Marvin Harrison Jr.,WR,158.42999999999998,41.97999999999999
Courtland Sutton,WR,154.26,37.81
Michael Pittman Jr.,WR,147.19000000000003,30.740000000000038
Chris Godwin Jr.,WR,146.63000000000002,30.180000000000035
Jakobi Meyers,WR,145.69,29.24000000000001
Jordan Addison,WR,145.46,29.01000000000002
Brian Thomas Jr.,WR,144.78,28.330000000000013
Michael Wilson,WR,144.43999999999997,27.98999999999998
Jayden Reed,WR,144.60999999999999,28.159999999999997
Carnell Tate,WR,143.01,26.560000000000002
Quentin Johnston,WR,142.85,26.400000000000006
Romeo Doubs,WR,136.95000000000002,20.50000000000003
Xavier Worthy,WR,135.85999999999999,19.409999999999997
Wan'Dale Robinson,WR,136.00000000000003,19.55000000000004
Deebo Samuel Sr.,WR,134.73999999999998,18.289999999999992
Khalil Shakir,WR,133.75,17.30000000000001
Stefon Diggs,WR,131.37,14.920000000000016
Matthew Golden,WR,130.7,14.25
De'Zhaun Stribling,WR,129.96,13.51000000000002
Rashid Shaheed,WR,128.44,11.990000000000009
Makai Lemon,WR,126.25999999999999,9.810000000000002
Josh Downs,WR,125.66,9.210000000000008
KC Concepcion,WR,121.84,5.390000000000015
Calvin Ridley,WR,120.66999999999999,4.219999999999999
Jerry Jeudy,WR,120.0,3.5500000000000114
Jalen Coker,WR,116.44999999999999,0.0
Cooper Kupp,WR,116.43999999999998,-0.010000000000005116
Kayshon Boutte,WR,113.11999999999999,-3.3299999999999983
Keenan Allen,WR,112.69,-3.759999999999991
Jordyn Tyson,WR,110.92999999999999,-5.519999999999996
Jalen McMillan,WR,109.72999999999999,-6.719999999999999
Denzel Boston,WR,107.27000000000001,-9.179999999999978
Rashod Bateman,WR,104.87,-11.579999999999984
Tre Tucker,WR,105.02000000000001,-11.429999999999978
Jalen Nailor,WR,97.81,-18.639999999999986
Jauan Jennings,WR,97.28,-19.169999999999987
Jaylin Noel,WR,93.15,-23.299999999999983
Malik Washington,WR,91.15,-25.299999999999983
Chris Bell,WR,87.86,-28.58999999999999
Omar Cooper Jr.,WR,86.66999999999999,-29.78
Travis Hunter,WR,83.69000000000001,-32.75999999999998
Xavier Hutchinson,WR,82.03,-34.41999999999999
Jalen Tolbert,WR,81.88,-34.56999999999999
Devaughn Vele,WR,81.1,-35.349999999999994
Tre' Harris,WR,79.98,-36.469999999999985
Germie Bernard,WR,79.44999999999999,-37.0
Troy Franklin,WR,78.83999999999999,-37.61
Ja'Kobi Lane,WR,78.75999999999999,-37.69
Dontayvion Wicks,WR,78.22,-38.22999999999999
Adonai Mitchell,WR,77.91,-38.53999999999999
Jahan Dotson,WR,75.68,-40.76999999999998
Elic Ayomanor,WR,74.8,-41.64999999999999
Andrei Iosivas,WR,73.02,-43.42999999999999
Xavier Legette,WR,72.58,-43.86999999999999
DeMario Douglas,WR,72.23,-44.219999999999985
Tyquan Thornton,WR,71.53999999999999,-44.91
Marvin Mims Jr.,WR,69.92,-46.52999999999999
John Metchie III,WR,69.88,-46.56999999999999
Darnell Mooney,WR,67.86,-48.58999999999999
Antonio Williams,WR,68.0,-48.44999999999999
Darius Slayton,WR,67.34,-49.109999999999985
Jack Bech,WR,67.3,-49.14999999999999
Isaac TeSlaa,WR,66.24,-50.209999999999994
KaVontae Turpin,WR,65.96,-50.489999999999995
Zachariah Branch,WR,64.67000000000002,-51.77999999999997
Chimere Dike,WR,64.33999999999999,-52.11
Malachi Fields,WR,62.580000000000005,-53.86999999999998
Caleb Douglas,WR,62.79,-53.65999999999999
Tory Horton,WR,62.589999999999996,-53.85999999999999
Christian Kirk,WR,60.980000000000004,-55.469999999999985
Pat Bryant,WR,61.51,-54.93999999999999
Hollywood Brown,WR,60.49999999999999,-55.949999999999996
Ted Hurst III,WR,59.83,-56.61999999999999
Ryan Flournoy,WR,57.71,-58.73999999999999
Jahdae Walker,WR,56.53,-59.91999999999999
Bryce Lance,WR,56.35,-60.09999999999999
Olamide Zaccheaus,WR,54.53000000000001,-61.91999999999998
Joshua Palmer,WR,53.589999999999996,-62.85999999999999
Kevin Coleman Jr.,WR,53.55,-62.89999999999999
Tutu Atwell,WR,53.63999999999999,-62.809999999999995
Lil'Jordan Humphrey,WR,52.44,-64.00999999999999
Keon Coleman,WR,52.09,-64.35999999999999
Malik Benson,WR,52.08,-64.36999999999999
Mack Hollins,WR,50.830000000000005,-65.61999999999998
Devontez Walker,WR,50.31,-66.13999999999999
Roman Wilson,WR,46.849999999999994,-69.6
Ashton Dulin,WR,45.559999999999995,-70.88999999999999
Tank Dell,WR,44.65,-71.79999999999998
Cyrus Allen,WR,42.800000000000004,-73.64999999999998
Kalif Raymond,WR,43.339999999999996,-73.10999999999999
Kendrick Bourne,WR,41.36,-75.08999999999999
Treylon Burks,WR,40.26,-76.19
Luke McCaffrey,WR,39.559999999999995,-76.88999999999999
Theo Wease Jr.,WR,39.1,-77.35
Tim Patrick,WR,38.3,-78.14999999999999
Jordan Whittington,WR,34.06,-82.38999999999999
Demarcus Robinson,WR,33.96000000000001,-82.48999999999998
Isaiah Bond,WR,33.32,-83.13
Jake Bobo,WR,30.169999999999998,-86.27999999999999
Dyami Brown,WR,28.680000000000003,-87.76999999999998
Jaylin Lane,WR,25.95,-90.49999999999999
Tez Johnson,WR,25.48,-90.96999999999998
KeAndre Lambert-Smith,WR,25.13,-91.32
Kyle Williams,WR,24.830000000000002,-91.61999999999999
Mason Tipton,WR,24.980000000000004,-91.46999999999998
Brennan Presley,WR,24.96,-91.48999999999998
Colbie Young,WR,24.22,-92.22999999999999
Konata Mumpfield,WR,23.86,-92.58999999999999
Jimmy Horn Jr.,WR,23.89,-92.55999999999999
Brenen Thompson,WR,22.65,-93.79999999999998
Jonathan Mingo,WR,21.46,-94.98999999999998
Chris Blair,WR,21.389999999999997,-95.05999999999999
Jared Wayne,WR,21.41,-95.03999999999999
Xavier Smith,WR,20.87,-95.57999999999998
Savion Williams,WR,20.75,-95.69999999999999
Odell Beckham Jr.,WR,19.31,-97.13999999999999
Jalen Royals,WR,19.3,-97.14999999999999
Elijah Sarratt,WR,18.650000000000002,-97.79999999999998
Zavion Thomas,WR,18.240000000000002,-98.20999999999998
Skyler Bell,WR,17.669999999999998,-98.77999999999999
Malachi Corley,WR,17.36,-99.08999999999999
Tai Felton,WR,17.759999999999998,-98.69
David Moore,WR,16.520000000000003,-99.92999999999998
Simi Fehoko,WR,16.02,-100.42999999999999
Dont'e Thornton Jr.,WR,15.450000000000001,-100.99999999999999
Isaiah Williams,WR,15.149999999999999,-101.29999999999998
Barion Brown,WR,14.940000000000001,-101.50999999999999
Coleman Owen,WR,14.280000000000001,-102.16999999999999
Ryan Miller,WR,14.24,-102.21
Skyy Moore,WR,13.98,-102.46999999999998
Laquon Treadwell,WR,13.58,-102.86999999999999
Bo Melton,WR,13.200000000000001,-103.24999999999999
Tylan Wallace,WR,12.650000000000002,-103.79999999999998
Dareke Young,WR,12.579999999999998,-103.86999999999999
Kameron Johnson,WR,12.05,-104.39999999999999
Tay Martin,WR,11.740000000000002,-104.70999999999998
Kaden Wetjen,WR,11.280000000000001,-105.16999999999999
Brycen Tremayne,WR,9.73,-106.71999999999998
LaJohntay Wester,WR,8.219999999999999,-108.22999999999999
Dohnte Meyers,WR,8.5,-107.94999999999999
Ben Skowronek,WR,8.48,-107.96999999999998
David Sills V,WR,8.11,-108.33999999999999
Derius Davis,WR,7.109999999999999,-109.33999999999999
Jacob Cowing,WR,7.86,-108.58999999999999
Kevin Austin Jr.,WR,7.170000000000001,-109.27999999999999
Devin Duvernay,WR,7.1000000000000005,-109.35
Josh Cameron,WR,6.79,-109.65999999999998
Darius Cooper,WR,7.22,-109.22999999999999
Reggie Virgil,WR,6.220000000000001,-110.22999999999999
Ke'Shawn Williams,WR,6.15,-110.29999999999998
Tyrell Shavers,WR,3.85,-112.6
Nikko Remigio,WR,4.25,-112.19999999999999
Gunner Olszewski,WR,3.69,-112.75999999999999
Jalen Brooks,WR,3.7600000000000002,-112.68999999999998
Arian Smith,WR,3.5700000000000003,-112.88
Jimmy Holiday,WR,1.8800000000000001,-114.57
Braxton Berrios,WR,0.0,-116.44999999999999
Myles Price,WR,0.0,-116.44999999999999
Trey McBride,TE,204.92000000000002,94.27000000000002
Brock Bowers,TE,186.48999999999998,75.83999999999999
Colston Loveland,TE,170.98999999999998,60.33999999999999
Tyler Warren,TE,154.18,43.530000000000015
Harold Fannin Jr.,TE,148.4,37.750000000000014
Sam LaPorta,TE,155.26000000000002,44.61000000000003
George Kittle,TE,151.72,41.07000000000001
Dallas Goedert,TE,150.03,39.38000000000001
Travis Kelce,TE,147.97,37.32000000000001
Tucker Kraft,TE,143.86999999999998,33.219999999999985
Kyle Pitts Sr.,TE,143.46,32.81000000000002
Mark Andrews,TE,138.64000000000001,27.990000000000023
Isaiah Likely,TE,129.67,19.019999999999996
Hunter Henry,TE,129.23000000000002,18.580000000000027
Dalton Kincaid,TE,127.32,16.67
Jake Ferguson,TE,123.33,12.680000000000007
Brenton Strange,TE,122.85,12.200000000000003
Juwan Johnson,TE,121.26000000000002,10.610000000000028
Dalton Schultz,TE,110.64999999999999,0.0
Greg Dulcich,TE,109.96000000000001,-0.6899999999999835
T.J. Hockenson,TE,108.22,-2.4299999999999926
Pat Freiermuth,TE,104.27999999999997,-6.370000000000019
Kenyon Sadiq,TE,104.02,-6.6299999999999955
Terrance Ferguson,TE,95.13999999999999,-15.510000000000005
Cade Otton,TE,98.74,-11.909999999999997
Darren Waller,TE,94.27,-16.379999999999995
Chig Okonkwo,TE,94.31,-16.33999999999999
AJ Barner,TE,90.75,-19.89999999999999
Mike Gesicki,TE,88.07000000000001,-22.579999999999984
Oronde Gadsden II,TE,86.17999999999999,-24.47
Evan Engram,TE,83.28,-27.36999999999999
David Njoku,TE,79.61999999999999,-31.03
Colby Parkinson,TE,72.25999999999999,-38.39
Gunnar Helm,TE,71.94999999999999,-38.7
Dawson Knox,TE,69.44,-41.209999999999994
Mason Taylor,TE,68.38,-42.269999999999996
Darnell Washington,TE,62.3,-48.349999999999994
Michael Mayer,TE,66.85,-43.8
Theo Johnson,TE,56.31999999999999,-54.33
Cole Kmet,TE,56.26,-54.38999999999999
Tyler Higbee,TE,52.71000000000001,-57.93999999999998
Will Kacmarek,TE,48.589999999999996,-62.059999999999995
Erick All Jr.,TE,44.15,-66.5
Noah Fant,TE,44.37,-66.28
Austin Hooper,TE,43.73,-66.91999999999999
Tommy Tremble,TE,43.519999999999996,-67.13
Ben Yurosek,TE,43.11,-67.53999999999999
Josh Oliver,TE,43.059999999999995,-67.59
Brock Wright,TE,43.01,-67.63999999999999
Charlie Kolar,TE,41.66,-68.99
Adam Trautman,TE,41.04,-69.60999999999999
Jonnu Smith,TE,40.339999999999996,-70.31
Eli Stowers,TE,39.14,-71.50999999999999
Noah Gray,TE,38.24999999999999,-72.4
Ja'Tavion Sanders,TE,36.14,-74.50999999999999
Elijah Arroyo,TE,34.55,-76.1
Elijah Higgins,TE,30.930000000000003,-79.71999999999998
Daniel Bellinger,TE,31.06,-79.58999999999999
Luke Musgrave,TE,30.650000000000002,-79.99999999999999
John Bates,TE,30.759999999999998,-79.88999999999999
Luke Schoonmaker,TE,30.680000000000003,-79.96999999999998
Mo Alie-Cox,TE,30.02,-80.63
Nate Boerkircher,TE,29.930000000000003,-80.71999999999998
Eli Raridon,TE,29.380000000000003,-81.26999999999998
Foster Moreau,TE,28.56,-82.08999999999999
Mitchell Evans,TE,22.27,-88.38
Drew Sample,TE,28.36,-82.28999999999999
Ben Sinnott,TE,27.490000000000002,-83.16
Jeremy Ruckert,TE,27.13,-83.52
Charlie Woerner,TE,26.41,-84.24
Davis Allen,TE,26.549999999999997,-84.1
Durham Smythe,TE,25.92,-84.72999999999999
Cade Stover,TE,21.37,-89.27999999999999
Marlin Klein,TE,25.169999999999998,-85.47999999999999
Jack Endries,TE,24.8,-85.85
Will Mallory,TE,24.39,-86.25999999999999
Jake Tonges,TE,24.43,-86.22
Connor Heyward,TE,21.049999999999997,-89.6
Hunter Long,TE,23.32,-87.32999999999998
Bauer Sharp,TE,22.8,-87.85
Jackson Hawes,TE,22.7,-87.94999999999999
Dallen Bentley,TE,22.4,-88.25
Nate Adkins,TE,22.08,-88.57
Max Klare,TE,21.97,-88.67999999999999
Blake Whiteheart,TE,21.390000000000004,-89.25999999999999
Payne Durham,TE,21.560000000000002,-89.08999999999999
Thomas Fidone II,TE,21.1,-89.54999999999998
Drew Ogletree,TE,20.61,-90.03999999999999
James Mitchell,TE,20.509999999999998,-90.13999999999999
Oscar Delp,TE,18.349999999999998,-92.3
Quintin Morris,TE,18.549999999999997,-92.1
Eric Saubert,TE,18.259999999999998,-92.38999999999999
Tanner Hudson,TE,17.84,-92.80999999999999
Keleki Latu,TE,16.259999999999998,-94.38999999999999
Seydou Traore,TE,16.119999999999997,-94.53
Nick Kallerup,TE,15.7,-94.94999999999999
Ian Thomas,TE,15.040000000000001,-95.60999999999999
Josh Cuevas,TE,14.879999999999999,-95.77
Tanner Koziol,TE,14.479999999999999,-96.16999999999999
Jared Wiley,TE,14.79,-95.85999999999999
Sam Roush,TE,14.24,-96.41
Josh Whyle,TE,14.209999999999999,-96.44
Kylen Granson,TE,13.08,-97.57
Grant Calcaterra,TE,12.99,-97.66
Brevyn Spann-Ford,TE,12.959999999999999,-97.69
Ko Kieft,TE,12.95,-97.69999999999999
Feleipe Franks,TE,6.4799999999999995,-104.16999999999999
Chris Manhertz,TE,12.66,-97.99
Lucas Krull,TE,11.049999999999999,-99.6
Justin Joly,TE,9.65,-100.99999999999999
Julian Hill,TE,8.04,-102.60999999999999
Tip Reiman,TE,7.500000000000001,-103.14999999999999
Ben Sims,TE,7.66,-102.99
Luke Farrell,TE,7.57,-103.07999999999998
Tyler Conklin,TE,7.249999999999999,-103.39999999999999
David Martin-Robinson,TE,7.319999999999999,-103.33
Johnny Mundt,TE,6.5,-104.14999999999999
Carter Runyon,TE,6.590000000000001,-104.05999999999999
Carsen Ryan,TE,6.4799999999999995,-104.16999999999999
Drake Dabney,TE,3.12,-107.52999999999999
Cole Turner,TE,0.0,-110.64999999999999
Jelani Woods,TE,0.0,-110.64999999999999
CJ Dippre,TE,0.0,-110.64999999999999
Joe Royer,TE,0.0,-110.64999999999999
Jackson Meeks,TE,0.0,-110.64999999999999
Brandon Aubrey,K,47.0,5.899999999999999
Jason Myers,K,46.3,5.199999999999996
Ka'imi Fairbairn,K,35.6,-5.5
Cameron Dicker,K,39.8,-1.3000000000000043
Jake Bates,K,51.2,10.100000000000001
Harrison Mevis,K,54.4,13.299999999999997
Spencer Shrader,K,43.5,2.3999999999999986
Cairo Santos,K,43.3,2.1999999999999957
Chase McLaughlin,K,38.3,-2.8000000000000043
Eddy Pineiro,K,39.5,-1.6000000000000014
Cam Little,K,44.7,3.6000000000000014
Tyler Loop,K,46.7,5.600000000000001
Harrison Butker,K,38.1,-3.0
Will Reichard,K,38.2,-2.8999999999999986
Evan McPherson,K,45.6,4.5
Wil Lutz,K,41.5,0.3999999999999986
Trey Smack,K,40.2,-0.8999999999999986
Tyler Bass,K,46.8,5.699999999999996
Daniel Carlson,K,32.8,-8.300000000000004
Nick Folk,K,36.0,-5.100000000000001
Andy Borregales,K,42.1,1.0
Jake Elliott,K,41.1,0.0
Chris Boswell,K,33.9,-7.200000000000003
Drew Stevens,K,37.1,-4.0
Riley Patterson,K,30.7,-10.400000000000002
Joey Slye,K,31.7,-9.400000000000002
Blake Grupe,K,31.8,-9.3
Chad Ryland,K,31.2,-9.900000000000002
Ryan Fitzgerald,K,31.5,-9.600000000000001
Matt Gay,K,29.6,-11.5
Andre Szmyt,K,28.2,-12.900000000000002
Dominic Zvada,K,21.8,-19.3
Charlie Smyth,K,0.0,-41.1
Jake Moody,K,0.0,-41.1
Houston Texans,DST,0.0,-41.1
Denver Broncos,DST,0.0,-41.1
Minnesota Vikings,DST,0.0,-41.1
Pittsburgh Steelers,DST,0.0,-41.1
Seattle Seahawks,DST,0.0,-41.1
Los Angeles Rams,DST,0.0,-41.1
Los Angeles Chargers,DST,0.0,-41.1
Buffalo Bills,DST,0.0,-41.1
Detroit Lions,DST,0.0,-41.1
Atlanta Falcons,DST,0.0,-41.1
Philadelphia Eagles,DST,0.0,-41.1
Baltimore Ravens,DST,0.0,-41.1
Cleveland Browns,DST,0.0,-41.1
Chicago Bears,DST,0.0,-41.1
Jacksonville Jaguars,DST,0.0,-41.1
New Orleans Saints,DST,0.0,-41.1
New England Patriots,DST,0.0,-41.1
Cincinnati Bengals,DST,0.0,-41.1
Tampa Bay Buccaneers,DST,0.0,-41.1
Tennessee Titans,DST,0.0,-41.1
Green Bay Packers,DST,0.0,-41.1
Indianapolis Colts,DST,0.0,-41.1
Washington Commanders,DST,0.0,-41.1
Kansas City Chiefs,DST,0.0,-41.1
Dallas Cowboys,DST,0.0,-41.1
New York Giants,DST,0.0,-41.1
Miami Dolphins,DST,0.0,-41.1
Las Vegas Raiders,DST,0.0,-41.1
Arizona Cardinals,DST,0.0,-41.1
San Francisco 49ers,DST,0.0,-41.1
Carolina Panthers,DST,0.0,-41.1
New York Jets,DST,0.0,-41.1
Arvell Reese,DL,115.7,28.899999999999977
Maxx Crosby,DL,108.10000000000001,21.299999999999983
Myles Garrett,DL,99.59999999999998,12.799999999999955
Brian Burns,DL,99.5,12.699999999999974
Jeffery Simmons,DL,102.94999999999999,16.149999999999963
Andrew Van Ginkel,DL,97.10000000000001,10.299999999999983
Aidan Hutchinson,DL,92.25000000000001,5.449999999999989
Will Anderson Jr.,DL,89.70000000000002,2.8999999999999915
Nick Bosa,DL,90.05,3.2499999999999716
T.J. Watt,DL,88.74999999999999,1.9499999999999602
Danielle Hunter,DL,86.80000000000003,0.0
Byron Young,DL,88.54999999999998,1.7499999999999574
Alex Highsmith,DL,83.7,-3.1000000000000227
Dallas Turner,DL,83.60000000000001,-3.200000000000017
Khalil Mack,DL,83.1,-3.7000000000000313
Tuli Tuipulotu,DL,81.10000000000001,-5.700000000000017
DeForest Buckner,DL,85.25000000000001,-1.5500000000000114
Tommy Togiai,DL,88.45,1.6499999999999773
Jared Verse,DL,81.50000000000001,-5.300000000000011
Nik Bonitto,DL,77.75,-9.050000000000026
Montez Sweat,DL,79.4,-7.40000000000002
Byron Murphy II,DL,83.55000000000001,-3.250000000000014
Jordan Davis,DL,85.2,-1.6000000000000227
Ed Oliver,DL,80.7,-6.100000000000023
Derrick Brown,DL,82.44999999999999,-4.350000000000037
Jonathan Greenard,DL,77.54999999999998,-9.250000000000043
Trey Hendrickson,DL,75.70000000000002,-11.100000000000009
Chase Young,DL,75.35,-11.450000000000031
Abdul Carter,DL,76.55,-10.250000000000028
Nnamdi Madubuike,DL,77.55,-9.250000000000028
Malcolm Roach,DL,80.20000000000002,-6.6000000000000085
A'Shawn Robinson,DL,81.35000000000001,-5.450000000000017
Adam Butler,DL,78.75,-8.050000000000026
Lukas Van Ness,DL,76.64999999999999,-10.150000000000034
Cameron Heyward,DL,77.3,-9.500000000000028
Quinnen Williams,DL,75.45,-11.350000000000023
Jalen Carter,DL,77.55000000000001,-9.250000000000014
Greg Rousseau,DL,74.3,-12.500000000000028
DeMarcus Lawrence,DL,72.89999999999999,-13.900000000000034
Austin Booker,DL,74.75000000000001,-12.050000000000011
Josh Hines-Allen,DL,72.35000000000001,-14.450000000000017
B.J. Hill,DL,77.30000000000001,-9.500000000000014
Jermaine Johnson II,DL,74.75,-12.050000000000026
Carl Granderson,DL,72.55,-14.250000000000028
Jalen Redmond,DL,73.79999999999998,-13.000000000000043
Micah Parsons,DL,69.50000000000001,-17.30000000000001
Milton Williams,DL,72.39999999999999,-14.400000000000034
Travon Walker,DL,71.95000000000002,-14.850000000000009
Nathan Shepherd,DL,74.0,-12.800000000000026
Yaya Diaby,DL,71.0,-15.800000000000026
Grady Jarrett,DL,73.4,-13.40000000000002
David Bailey,DL,69.00000000000001,-17.80000000000001
Laiatu Latu,DL,68.05,-18.75000000000003
Rueben Bain Jr.,DL,69.65,-17.15000000000002
Mason Graham,DL,73.15,-13.65000000000002
Jadeveon Clowney,DL,69.60000000000001,-17.200000000000017
Leonard Williams,DL,70.94999999999999,-15.850000000000037
Devonte Wyatt,DL,71.55000000000001,-15.250000000000014
T'Vondre Sweat,DL,72.64999999999999,-14.150000000000034
Daron Payne,DL,71.5,-15.300000000000026
George Karlaftis III,DL,67.70000000000002,-19.10000000000001
Jaelan Phillips,DL,66.64999999999999,-20.150000000000034
Nolan Smith Jr.,DL,68.60000000000001,-18.200000000000017
Odafe Oweh,DL,66.65,-20.15000000000002
DJ Wonnum,DL,68.75,-18.050000000000026
Jonah Laulu,DL,71.05000000000001,-15.750000000000014
Chop Robinson,DL,65.85000000000001,-20.950000000000017
Bradley Chubb,DL,66.5,-20.300000000000026
Myles Murphy,DL,67.40000000000002,-19.400000000000006
Dorance Armstrong Jr.,DL,67.45,-19.350000000000023
Kayvon Thibodeaux,DL,67.45,-19.350000000000023
Javon Hargrave,DL,70.2,-16.600000000000023
Harold Landry III,DL,66.19999999999999,-20.600000000000037
Travis Jones,DL,67.3,-19.50000000000003
Harrison Phillips,DL,70.25000000000001,-16.55000000000001
Boye Mafe,DL,64.35,-22.45000000000003
Jonathan Allen,DL,68.9,-17.90000000000002
Zach Allen,DL,67.39999999999999,-19.400000000000034
Chris Jones,DL,65.25000000000001,-21.55000000000001
Patrick Jones II,DL,66.25,-20.550000000000026
Jalyx Hunt,DL,65.35,-21.45000000000003
Teair Tart,DL,67.65,-19.15000000000002
Walter Nolen III,DL,67.69999999999999,-19.100000000000037
Zach Sieler,DL,65.35,-21.45000000000003
Osa Odighizuwa,DL,66.85000000000001,-19.950000000000017
Keeanu Benton,DL,66.19999999999999,-20.600000000000037
David Onyemata,DL,67.85000000000001,-18.950000000000017
Jahlani Tavai,DL,68.30000000000001,-18.500000000000014
D.J. Jones,DL,66.89999999999999,-19.900000000000034
Levi Drake Rodriguez,DL,67.65000000000002,-19.150000000000006
Dre'Mont Jones,DL,63.94999999999999,-22.850000000000037
Donovan Ezeiruaku,DL,63.74999999999999,-23.050000000000033
Isaiah McGuire,DL,62.39999999999999,-24.400000000000034
DaVon Hamilton,DL,65.55,-21.25000000000003
Derrick Harmon,DL,64.6,-22.20000000000003
Dayo Odeyingbo,DL,62.25,-24.550000000000026
Josh Sweat,DL,58.349999999999994,-28.45000000000003
Thomas Booker IV,DL,64.3,-22.50000000000003
Kobie Turner,DL,60.900000000000006,-25.90000000000002
Davon Godchaux,DL,64.95,-21.850000000000023
Uchenna Nwosu,DL,60.39999999999999,-26.400000000000034
Maliek Collins,DL,61.2,-25.600000000000023
Rashan Gary,DL,58.900000000000006,-27.90000000000002
Vita Vea,DL,61.199999999999996,-25.60000000000003
Grover Stewart,DL,62.699999999999996,-24.10000000000003
Josh Uche,DL,59.949999999999996,-26.85000000000003
Derick Hall,DL,59.550000000000004,-27.25000000000002
Will McDonald IV,DL,56.99999999999999,-29.800000000000033
Ashton Gillotte,DL,60.14999999999999,-26.650000000000034
Bobby Brown III,DL,61.7,-25.100000000000023
Roy Lopez,DL,60.65,-26.150000000000027
Arik Armstead,DL,58.199999999999996,-28.60000000000003
LaCale London,DL,59.55,-27.25000000000003
Tershawn Wharton,DL,59.64999999999999,-27.150000000000034
Aaron Donald,DL,58.65000000000001,-28.150000000000013
Jonathon Cooper,DL,57.54999999999999,-29.250000000000036
Deone Walker,DL,60.4,-26.400000000000027
Jamaree Caldwell,DL,58.849999999999994,-27.95000000000003
Akheem Mesidor,DL,56.6,-30.200000000000024
John Franklin-Myers,DL,56.35,-30.450000000000024
Mike Green,DL,56.3,-30.50000000000003
Charles Omenihu,DL,55.75,-31.050000000000026
Derek Barnett,DL,56.29999999999999,-30.500000000000036
Alim McNeill,DL,55.49999999999999,-31.300000000000033
Joseph Ossai,DL,55.099999999999994,-31.70000000000003
Za'Darius Smith,DL,54.6,-32.200000000000024
Kenny Clark,DL,55.85,-30.950000000000024
Christen Miller,DL,56.65,-30.150000000000027
Calijah Kancey,DL,55.2,-31.600000000000023
Arden Key,DL,52.99999999999999,-33.80000000000003
K'Lavon Chaisson,DL,53.15,-33.65000000000003
Gervon Dexter Sr.,DL,55.900000000000006,-30.90000000000002
Robert Beal Jr.,DL,55.14999999999999,-31.650000000000034
C.J. West,DL,56.24999999999999,-30.550000000000033
Moro Ojomo,DL,55.150000000000006,-31.65000000000002
Brandon Dorlus,DL,54.25,-32.550000000000026
Dexter Lawrence II,DL,55.050000000000004,-31.75000000000002
Dennis Gardeck,DL,52.64999999999999,-34.150000000000034
Justin Eboigbe,DL,53.95,-32.85000000000002
Brenton Cox Jr.,DL,52.34999999999999,-34.45000000000004
Calais Campbell,DL,53.24999999999999,-33.55000000000003
Christian Barmore,DL,53.25000000000001,-33.55000000000002
R Mason Thomas,DL,51.65,-35.15000000000003
Darius Robinson,DL,54.95,-31.850000000000023
Samson Ebukam,DL,52.85,-33.950000000000024
Nick Herbig,DL,49.199999999999996,-37.60000000000003
Poona Ford,DL,54.0,-32.800000000000026
Eyioma Uwazurike,DL,53.35,-33.450000000000024
Tyrion Ingram-Dawkins,DL,51.39999999999999,-35.400000000000034
Kwity Paye,DL,50.699999999999996,-36.10000000000003
Javon Kinlaw,DL,51.85,-34.950000000000024
Elijah Ponder,DL,49.14999999999999,-37.650000000000034
Sam Okuayinonu,DL,50.699999999999996,-36.10000000000003
Sheldon Rankins,DL,51.699999999999996,-35.10000000000003
Keldric Faulk,DL,49.05,-37.75000000000003
Neville Gallimore,DL,51.15000000000001,-35.65000000000001
Baron Browning,DL,48.45,-38.35000000000002
Jarran Reed,DL,50.9,-35.90000000000003
Shelby Harris,DL,50.400000000000006,-36.40000000000002
Zaven Collins,DL,48.900000000000006,-37.90000000000002
Malachi Lawrence,DL,47.35,-39.450000000000024
Karl Brooks,DL,48.650000000000006,-38.15000000000002
Felix Anudike-Uzomah,DL,47.75,-39.050000000000026
Malcolm Koonce,DL,46.29999999999999,-40.500000000000036
Zion Young,DL,45.99999999999999,-40.80000000000003
Dante Stills,DL,48.05,-38.75000000000003
Jonah Elliss,DL,46.1,-40.700000000000024
Trevis Gipson,DL,45.8,-41.00000000000003
Darius Alexander,DL,46.7,-40.10000000000002
Khyiris Tonga,DL,47.800000000000004,-39.00000000000002
Mykel Williams,DL,46.39999999999999,-40.400000000000034
Dondrea Tillman,DL,45.2,-41.60000000000002
Cameron Thomas,DL,45.849999999999994,-40.95000000000003
Alfred Collins,DL,45.0,-41.800000000000026
Cameron Jordan,DL,44.449999999999996,-42.35000000000003
Peter Woods,DL,44.75,-42.050000000000026
Da'Shawn Hand,DL,45.24999999999999,-41.55000000000003
Jonathan Bullard,DL,46.35,-40.450000000000024
Shemar Stewart,DL,44.199999999999996,-42.60000000000003
T.J. Sanders,DL,44.199999999999996,-42.60000000000003
Bo Richter,DL,43.599999999999994,-43.20000000000003
Dalvin Tomlinson,DL,44.5,-42.300000000000026
Caleb Banks,DL,43.550000000000004,-43.25000000000002
Braden Fiske,DL,43.15,-43.65000000000003
Cory Durden,DL,43.900000000000006,-42.90000000000002
Gabe Jacas,DL,41.900000000000006,-44.90000000000002
Sam Williams,DL,42.1,-44.700000000000024
Al-Quadin Muhammad,DL,40.849999999999994,-45.95000000000003
Josaiah Stewart,DL,39.699999999999996,-47.10000000000003
Tyleik Williams,DL,42.05,-44.75000000000003
Solomon Thomas,DL,41.6,-45.200000000000024
Von Miller,DL,38.29999999999999,-48.500000000000036
Adetomiwa Adebawore,DL,39.50000000000001,-47.30000000000002
Ruke Orhorhoro,DL,39.70000000000001,-47.100000000000016
Tavius Robinson,DL,39.29999999999999,-47.500000000000036
Micheal Clemons,DL,39.0,-47.800000000000026
James Pearce Jr.,DL,37.05,-49.75000000000003
Eku Leota,DL,38.05,-48.75000000000003
Dominique Robinson,DL,38.25,-48.550000000000026
Malik Herring,DL,35.44999999999999,-51.35000000000004
Dante Fowler Jr.,DL,34.5,-52.300000000000026
Kenneth Grant,DL,33.550000000000004,-53.25000000000002
Jaishawn Barham,DL,19.0,-67.80000000000003
Chris Rumph II,DL,18.049999999999997,-68.75000000000003
Jordyn Brooks,LB,187.95000000000002,35.900000000000006
Blake Cashman,LB,180.8,28.75
Jack Campbell,LB,172.55000000000004,20.50000000000003
T.J. Edwards,LB,171.35,19.299999999999983
Nick Bolton,LB,165.75000000000003,13.700000000000017
Fred Warner,LB,163.15000000000003,11.100000000000023
Carson Schwesinger,LB,165.2,13.149999999999977
Mack Wilson Sr.,LB,159.75000000000003,7.700000000000017
Foyesade Oluokun,LB,157.29999999999998,5.249999999999972
Cedric Gray,LB,158.8,6.75
Ernest Jones IV,LB,154.95000000000002,2.9000000000000057
Quay Walker,LB,154.25,2.1999999999999886
Alex Singleton,LB,151.9,-0.15000000000000568
Roquan Smith,LB,152.05,0.0
Jamien Sherwood,LB,150.45,-1.6000000000000227
Tremaine Edmunds,LB,147.79999999999998,-4.250000000000028
Nate Landman,LB,146.65,-5.400000000000006
Nakobe Dean,LB,147.8,-4.25
Zack Baun,LB,143.15,-8.900000000000006
Bobby Okereke,LB,144.0,-8.050000000000011
Demario Davis,LB,141.8,-10.25
Robert Spillane,LB,140.55,-11.5
Dre Greenlaw,LB,141.9,-10.150000000000006
Daiyan Henley,LB,139.79999999999998,-12.250000000000028
Edgerrin Cooper,LB,139.54999999999998,-12.500000000000028
Barrett Carter,LB,140.65,-11.400000000000006
Patrick Queen,LB,139.04999999999998,-13.000000000000028
Azeez Al-Shaair,LB,138.14999999999998,-13.900000000000034
Sonny Styles,LB,136.9,-15.150000000000006
Devin Bush Jr.,LB,133.29999999999998,-18.75000000000003
Kaden Elliss,LB,131.75,-20.30000000000001
DeMarvion Overshown,LB,134.10000000000002,-17.94999999999999
Frankie Luvu,LB,126.35000000000002,-25.69999999999999
Devin Lloyd,LB,126.70000000000002,-25.349999999999994
Christian Elliss,LB,127.90000000000002,-24.14999999999999
Jacob Rodriguez,LB,127.30000000000001,-24.75
Zaire Franklin,LB,126.15,-25.900000000000006
Demetrius Knight Jr.,LB,123.5,-28.55000000000001
Quincy Williams,LB,122.4,-29.650000000000006
Terrel Bernard,LB,123.15,-28.900000000000006
Divine Deablo,LB,120.1,-31.950000000000017
Eric Wilson,LB,120.55000000000001,-31.5
Cody Barton,LB,119.19999999999999,-32.85000000000002
Drue Tranquill,LB,119.2,-32.85000000000001
Jihaad Campbell,LB,116.95,-35.10000000000001
Dorian Williams,LB,118.69999999999999,-33.35000000000002
Arvell Reese,LB,115.7,-36.35000000000001
Derrick Barnes,LB,115.7,-36.35000000000001
Ventrell Miller,LB,114.65,-37.400000000000006
Alex Anzalone,LB,113.20000000000002,-38.849999999999994
Henry To'oTo'o,LB,112.85000000000001,-39.2
Akeem Davis-Gaither,LB,112.1,-39.95000000000002
Brian Burns,LB,99.5,-52.55000000000001
Omar Speights,LB,109.75000000000003,-42.29999999999998
Zayne Anderson,LB,106.2,-45.85000000000001
Jaylon Carlies,LB,107.14999999999999,-44.90000000000002
Christian Harris,LB,104.30000000000001,-47.75
Drake Thomas,LB,102.95,-49.10000000000001
Andrew Van Ginkel,LB,97.10000000000001,-54.95
Dee Winters,LB,103.65,-48.400000000000006
SirVocea Dennis,LB,100.80000000000003,-51.249999999999986
Cody Simon,LB,101.60000000000001,-50.45
Denzel Perryman,LB,102.0,-50.05000000000001
CJ Allen,LB,99.15,-52.900000000000006
Justin Strnad,LB,98.5,-53.55000000000001
T.J. Watt,LB,88.74999999999999,-63.300000000000026
Payton Wilson,LB,97.0,-55.05000000000001
Teddye Buchanan,LB,97.25000000000001,-54.8
Danielle Hunter,LB,86.80000000000003,-65.24999999999999
Byron Young,LB,88.54999999999998,-63.50000000000003
Alex Highsmith,LB,83.7,-68.35000000000001
Dallas Turner,LB,83.60000000000001,-68.45
Khalil Mack,LB,83.1,-68.95000000000002
Tuli Tuipulotu,LB,81.10000000000001,-70.95
Jared Verse,LB,81.50000000000001,-70.55
Nik Bonitto,LB,77.75,-74.30000000000001
Jonathan Greenard,LB,77.54999999999998,-74.50000000000003
Trey Hendrickson,LB,75.70000000000002,-76.35
Abdul Carter,LB,76.55,-75.50000000000001
Lukas Van Ness,LB,76.64999999999999,-75.40000000000002
Pete Werner,LB,79.30000000000001,-72.75
Greg Rousseau,LB,74.3,-77.75000000000001
DeMarcus Lawrence,LB,72.89999999999999,-79.15000000000002
Austin Booker,LB,74.75000000000001,-77.3
Josh Hines-Allen,LB,72.35000000000001,-79.7
Carl Granderson,LB,72.55,-79.50000000000001
Micah Parsons,LB,69.50000000000001,-82.55
Travon Walker,LB,71.95000000000002,-80.1
Yaya Diaby,LB,71.0,-81.05000000000001
Jack Gibbens,LB,75.0,-77.05000000000001
David Bailey,LB,69.00000000000001,-83.05
Rueben Bain Jr.,LB,69.65,-82.4
Jadeveon Clowney,LB,69.60000000000001,-82.45
Josiah Trotter,LB,72.35000000000001,-79.7
Jaelan Phillips,LB,66.64999999999999,-85.40000000000002
Nolan Smith Jr.,LB,68.60000000000001,-83.45
Odafe Oweh,LB,66.65,-85.4
DJ Wonnum,LB,68.75,-83.30000000000001
Chop Robinson,LB,65.85000000000001,-86.2
Bradley Chubb,LB,66.5,-85.55000000000001
Kayvon Thibodeaux,LB,67.45,-84.60000000000001
Harold Landry III,LB,66.19999999999999,-85.85000000000002
Boye Mafe,LB,64.35,-87.70000000000002
Patrick Jones II,LB,66.25,-85.80000000000001
Jalyx Hunt,LB,65.35,-86.70000000000002
Jahlani Tavai,LB,68.30000000000001,-83.75
Dre'Mont Jones,LB,63.94999999999999,-88.10000000000002
Donovan Ezeiruaku,LB,63.74999999999999,-88.30000000000001
Cole Holcomb,LB,65.9,-86.15
Josh Sweat,LB,58.349999999999994,-93.70000000000002
Devin White,LB,64.95,-87.10000000000001
Uchenna Nwosu,LB,60.39999999999999,-91.65000000000002
Leo Chenal,LB,63.15,-88.9
Rashan Gary,LB,58.900000000000006,-93.15
Josh Uche,LB,59.949999999999996,-92.10000000000002
Derick Hall,LB,59.550000000000004,-92.5
Danny Stutsman,LB,61.65,-90.4
Jonathon Cooper,LB,57.54999999999999,-94.50000000000003
Akheem Mesidor,LB,56.6,-95.45000000000002
Mike Green,LB,56.3,-95.75000000000001
Za'Darius Smith,LB,54.6,-97.45000000000002
Arden Key,LB,52.99999999999999,-99.05000000000001
K'Lavon Chaisson,LB,53.15,-98.9
Kyle Louis,LB,57.05,-95.00000000000001
Dennis Gardeck,LB,52.64999999999999,-99.40000000000002
Brenton Cox Jr.,LB,52.34999999999999,-99.70000000000002
Samson Ebukam,LB,52.85,-99.20000000000002
Nick Herbig,LB,49.199999999999996,-102.85000000000002
Oren Burks,LB,52.69999999999999,-99.35000000000002
Tatum Bethune,LB,52.40000000000001,-99.65
Elijah Ponder,LB,49.14999999999999,-102.90000000000002
Baron Browning,LB,48.45,-103.60000000000001
Zaven Collins,LB,48.900000000000006,-103.15
Malachi Lawrence,LB,47.35,-104.70000000000002
Anthony Hill Jr.,LB,49.199999999999996,-102.85000000000002
Zion Young,LB,45.99999999999999,-106.05000000000001
Jonah Elliss,LB,46.1,-105.95000000000002
Trevis Gipson,LB,45.8,-106.25000000000001
Mykel Williams,LB,46.39999999999999,-105.65000000000002
Dondrea Tillman,LB,45.2,-106.85000000000001
Cameron Thomas,LB,45.849999999999994,-106.20000000000002
Troy Dye,LB,46.45,-105.60000000000001
Trenton Simpson,LB,46.25,-105.80000000000001
Bo Richter,LB,43.599999999999994,-108.45000000000002
Gabe Jacas,LB,41.900000000000006,-110.15
Tyrice Knight,LB,43.64999999999999,-108.40000000000002
Sam Williams,LB,42.1,-109.95000000000002
Al-Quadin Muhammad,LB,40.849999999999994,-111.20000000000002
Josaiah Stewart,LB,39.699999999999996,-112.35000000000002
Malcolm Rodriguez,LB,41.400000000000006,-110.65
Christian Rozeboom,LB,41.2,-110.85000000000001
Wade Woodaz,LB,41.0,-111.05000000000001
Von Miller,LB,38.29999999999999,-113.75000000000003
Tavius Robinson,LB,39.29999999999999,-112.75000000000003
James Pearce Jr.,LB,37.05,-115.00000000000001
Eku Leota,LB,38.05,-114.00000000000001
Joe Andreessen,LB,38.55,-113.50000000000001
Darius Muasau,LB,38.35,-113.70000000000002
Justin Jefferson,LB,37.55,-114.50000000000001
Jack Cochrane,LB,36.800000000000004,-115.25
Dante Fowler Jr.,LB,34.5,-117.55000000000001
Kendal Daniels,LB,35.949999999999996,-116.10000000000002
Jake Golday,LB,34.199999999999996,-117.85000000000002
D'Marco Jackson,LB,33.45,-118.60000000000001
Jake Hansen,LB,33.2,-118.85000000000001
Micah McFadden,LB,32.650000000000006,-119.4
Branson Combs,LB,28.249999999999996,-123.80000000000001
Ivan Pace Jr.,LB,27.849999999999998,-124.20000000000002
Willie Gay Jr.,LB,26.199999999999992,-125.85000000000002
Claudin Cherelus,LB,25.049999999999997,-127.00000000000001
Shemar James,LB,24.250000000000004,-127.80000000000001
Harold Perkins Jr.,LB,22.55,-129.5
Del'Shawn Phillips,LB,20.149999999999995,-131.9
Jack Sanborn,LB,19.65,-132.4
Jeffrey Bassa,LB,19.15,-132.9
Jordan Turner,LB,19.05,-133.0
Jaishawn Barham,LB,19.0,-133.05
Shaun Dolac,LB,19.049999999999997,-133.0
Swayze Bozeman,LB,18.749999999999996,-133.3
Jimmy Rolder,LB,18.95,-133.10000000000002
Easton Mascarenas-Arnold,LB,18.799999999999997,-133.25
Namdi Obiazor,LB,18.95,-133.10000000000002
Austin Ajiake,LB,18.699999999999996,-133.35000000000002
Chris Rumph II,LB,18.049999999999997,-134.0
Ronnie Harrison Jr.,LB,17.3,-134.75
Karene Reid,LB,17.25,-134.8
James Williams Sr.,LB,16.55,-135.5
Kaleb Elarms-Orr,LB,15.35,-136.70000000000002
Jeremiah Trotter Jr.,LB,13.999999999999998,-138.05
Kiko Mauigoa,LB,12.65,-139.4
Marcelino McCrary-Ball,LB,9.5,-142.55
Cooper McDonald,LB,9.199999999999998,-142.85000000000002
Bryce Boettcher,LB,9.15,-142.9
Karson Sharar,LB,9.15,-142.9
Chazz Surratt,LB,9.199999999999998,-142.85000000000002
Garret Wallow,LB,8.799999999999999,-143.25
Josh Woods,LB,8.95,-143.10000000000002
Isaiah McDuffie,LB,8.25,-143.8
Tommy Eichenberg,LB,7.55,-144.5
Carson Bruener,LB,5.55,-146.5
Ty'Ron Hopper,LB,5.3500000000000005,-146.70000000000002
Zaire Barnes,LB,3.6999999999999997,-148.35000000000002
Smael Mondon Jr.,LB,3.6999999999999997,-148.35000000000002
Jordan Magee,LB,3.5999999999999996,-148.45000000000002
Luke Gifford,LB,3.4499999999999997,-148.60000000000002
Jamal Adams,LB,0.0,-152.05
Tyrel Dodson,LB,0.0,-152.05
E.J. Speed,LB,0.0,-152.05
Joe Giles-Harris,LB,0.0,-152.05
Troy Reeder,LB,0.0,-152.05
Malik Harrison,LB,0.0,-152.05
K.J. Britt,LB,0.0,-152.05
Jack Kelly,LB,0.0,-152.05
Jaquan Brisker,DB,132.9,12.950000000000017
Nick Scott,DB,136.20000000000002,16.25000000000003
Budda Baker,DB,131.85000000000002,11.900000000000034
Kyle Hamilton,DB,128.05,8.100000000000023
Kam Curl,DB,128.6,8.650000000000006
Tykee Smith,DB,125.50000000000003,5.55000000000004
Alohi Gilman,DB,126.45,6.500000000000014
DaRon Bland,DB,124.8,4.8500000000000085
Trent McDuffie,DB,121.19999999999999,1.25
Nick Cross,DB,124.55,4.6000000000000085
Jeremy Chinn,DB,123.6,3.6500000000000057
Xavier McKinney,DB,119.94999999999999,0.0
Christian Gonzalez,DB,117.1,-2.8499999999999943
Dante Trader Jr.,DB,123.49999999999999,3.549999999999997
Derwin James Jr.,DB,119.15,-0.799999999999983
Cam Lewis,DB,117.95000000000002,-1.9999999999999716
Antoine Winfield Jr.,DB,117.49999999999999,-2.450000000000003
Talanoa Hufanga,DB,117.30000000000001,-2.6499999999999773
Jordan Battle,DB,118.3,-1.6499999999999915
Chamarri Conner,DB,119.05000000000001,-0.8999999999999773
Dadrion Taylor-Demerson,DB,116.7,-3.249999999999986
Nick Emmanwori,DB,114.50000000000001,-5.449999999999974
Craig Woodson,DB,117.60000000000001,-2.34999999999998
Joshua Metellus,DB,115.35,-4.599999999999994
Quentin Lake,DB,111.0,-8.949999999999989
Kevin Winston Jr.,DB,114.45,-5.499999999999986
Ji'Ayir Brown,DB,113.80000000000003,-6.149999999999963
Eric Murray,DB,112.15000000000002,-7.799999999999969
Kamari Lassiter,DB,108.10000000000002,-11.849999999999966
Tre'von Moehrig,DB,113.3,-6.6499999999999915
Kevin Byard III,DB,111.20000000000003,-8.749999999999957
Jessie Bates III,DB,110.64999999999998,-9.300000000000011
Zyon McCollum,DB,110.35000000000001,-9.59999999999998
D.J. Reed Jr.,DB,106.99999999999997,-12.950000000000017
Amani Hooker,DB,109.3,-10.649999999999991
Cooper DeJean,DB,105.39999999999999,-14.549999999999997
A.J. Terrell Jr.,DB,105.64999999999999,-14.299999999999997
Xavier Watts,DB,108.39999999999999,-11.549999999999997
Jalen Thompson,DB,109.4,-10.549999999999983
Minkah Fitzpatrick,DB,108.10000000000001,-11.84999999999998
Dax Hill,DB,106.55000000000001,-13.399999999999977
Cole Bishop,DB,108.05000000000001,-11.899999999999977
Ronnie Hickman Jr.,DB,107.80000000000001,-12.149999999999977
C.J. Gardner-Johnson,DB,106.5,-13.449999999999989
Kool-Aid McKinstry,DB,102.40000000000002,-17.54999999999997
Brandon Jones,DB,105.30000000000001,-14.649999999999977
Zayne Anderson,DB,106.2,-13.749999999999986
Paulson Adebo,DB,104.10000000000001,-15.84999999999998
Devon Witherspoon,DB,103.60000000000001,-16.34999999999998
Jevon Holland,DB,106.30000000000001,-13.649999999999977
Ty Okada,DB,105.50000000000001,-14.449999999999974
Reed Blankenship,DB,106.80000000000001,-13.149999999999977
Dillon Thieneman,DB,104.5,-15.449999999999989
Jaylon Carlies,DB,107.14999999999999,-12.799999999999997
Tyrique Stevenson,DB,99.25000000000001,-20.699999999999974
Julian Love,DB,102.40000000000002,-17.54999999999997
Jalen Ramsey,DB,103.60000000000001,-16.34999999999998
Nate Wiggins,DB,100.95,-18.999999999999986
Carlton Davis III,DB,101.39999999999999,-18.549999999999997
Jalen Pitre,DB,101.30000000000001,-18.649999999999977
Bryan Cook,DB,104.80000000000001,-15.149999999999977
Evan Williams,DB,104.45000000000002,-15.499999999999972
Tyson Campbell,DB,98.24999999999999,-21.700000000000003
Alontae Taylor,DB,99.44999999999999,-20.5
Caleb Downs,DB,100.95,-18.999999999999986
Malaki Starks,DB,103.40000000000002,-16.54999999999997
Grant Delpit,DB,101.75,-18.19999999999999
Chris Johnson,DB,97.8,-22.14999999999999
Andrew Mukuba,DB,102.50000000000001,-17.449999999999974
Julian Blackmon,DB,101.45000000000002,-18.49999999999997
Brandon Stephens,DB,98.75,-21.19999999999999
Justin Reid,DB,100.4,-19.549999999999983
Cam Bynum,DB,99.35,-20.599999999999994
Calen Bullock,DB,99.05000000000001,-20.899999999999977
Malik Mustapha,DB,101.30000000000003,-18.649999999999963
Keisean Nixon,DB,93.94999999999999,-26.0
Renardo Green,DB,95.55000000000001,-24.399999999999977
Taron Johnson,DB,97.9,-22.049999999999983
Treydan Stukes,DB,97.14999999999999,-22.799999999999997
Antonio Johnson,DB,94.7,-25.249999999999986
Brian Branch,DB,94.05,-25.89999999999999
Jamel Dean,DB,92.15,-27.799999999999983
Marlon Humphrey,DB,91.7,-28.249999999999986
Quan Martin,DB,97.95000000000002,-21.99999999999997
Sauce Gardner,DB,91.19999999999999,-28.75
Rasul Douglas,DB,91.55,-28.39999999999999
DeShon Elliott,DB,94.85000000000001,-25.09999999999998
Marcus Jones,DB,91.80000000000001,-28.149999999999977
Mansoor Delane,DB,91.60000000000001,-28.34999999999998
Jaylen Watson,DB,94.45,-25.499999999999986
Mike Jackson Sr.,DB,88.75,-31.19999999999999
Kamren Kinchens,DB,94.60000000000001,-25.34999999999998
Mike Sainristil,DB,91.00000000000001,-28.949999999999974
Benjamin Morrison,DB,91.85,-28.099999999999994
Dru Phillips,DB,89.50000000000001,-30.449999999999974
Will Johnson,DB,87.05000000000001,-32.89999999999998
Tarheeb Still,DB,91.05000000000001,-28.899999999999977
Jonas Sanker,DB,92.35000000000001,-27.59999999999998
Javon Bullard,DB,93.0,-26.94999999999999
Joey Porter Jr.,DB,86.30000000000001,-33.64999999999998
Billy Bowman Jr.,DB,89.4,-30.549999999999983
JuJu Brents,DB,89.49999999999999,-30.450000000000003
Quinyon Mitchell,DB,83.4,-36.54999999999998
Byron Murphy Jr.,DB,87.35000000000001,-32.59999999999998
Upton Stout,DB,88.10000000000001,-31.84999999999998
Maxwell Hairston,DB,86.1,-33.849999999999994
Pat Surtain II,DB,85.15000000000002,-34.79999999999997
Jacob Parrish,DB,87.6,-32.349999999999994
AJ Haulcy,DB,88.29999999999998,-31.650000000000006
Mike Hughes,DB,85.89999999999999,-34.05
Isaiah Rodgers Sr.,DB,86.40000000000002,-33.54999999999997
Riley Moss,DB,82.60000000000001,-37.34999999999998
Marcus Epps,DB,88.15,-31.799999999999983
DJ Turner II,DB,78.4,-41.54999999999998
Montaric Brown,DB,82.35000000000001,-37.59999999999998
Marcus Harris,DB,81.30000000000001,-38.64999999999998
Cam Hart,DB,81.35000000000001,-38.59999999999998
Josh Jobe,DB,81.25,-38.69999999999999
Jourdan Lewis,DB,80.44999999999999,-39.5
Elijah Molden,DB,86.7,-33.249999999999986
Jaylon Johnson,DB,81.10000000000001,-38.84999999999998
Deommodore Lenoir,DB,84.0,-35.94999999999999
Charvarius Ward,DB,79.89999999999999,-40.05
Cor'Dale Flott,DB,76.60000000000001,-43.34999999999998
Ja'Quan McMillian,DB,76.74999999999999,-43.2
Jeremy Reaves,DB,80.30000000000003,-39.64999999999996
Dee Alford,DB,75.75000000000001,-44.199999999999974
Rock Ya-Sin,DB,77.05000000000001,-42.89999999999998
James Pierre,DB,74.4,-45.54999999999998
Nahshon Wright,DB,77.25000000000001,-42.699999999999974
Christian Benford,DB,77.6,-42.349999999999994
Derek Stingley Jr.,DB,72.45,-47.499999999999986
Kerby Joseph,DB,76.35000000000001,-43.59999999999998
Jaylinn Hawkins,DB,76.64999999999999,-43.3
Eric Stokes,DB,75.9,-44.04999999999998
Jason Marshall Jr.,DB,72.85000000000001,-47.09999999999998
Chau Smith-Wade,DB,75.65,-44.29999999999998
Kyler Gordon,DB,72.85000000000001,-47.09999999999998
Dane Belton,DB,74.3,-45.64999999999999
Denzel Ward,DB,70.95,-48.999999999999986
Tony Jefferson II,DB,73.35000000000001,-46.59999999999998
Nohl Williams,DB,70.60000000000001,-49.34999999999998
Garrett Williams,DB,70.35000000000001,-49.59999999999998
Roger McCreary,DB,71.6,-48.349999999999994
Jaycee Horn,DB,68.94999999999999,-51.0
Riq Woolen,DB,67.0,-52.94999999999999
Xavier Woods,DB,72.10000000000001,-47.84999999999998
Martin Emerson Jr.,DB,69.8,-50.14999999999999
Cobie Durant,DB,66.75,-53.19999999999999
L'Jarius Sneed,DB,69.65,-50.29999999999998
Andrew Wingard,DB,68.15,-51.79999999999998
Chidobe Awuzie,DB,65.85,-54.099999999999994
Jarvis Brownlee Jr.,DB,64.35,-55.599999999999994
Jay Ward,DB,65.1,-54.849999999999994
Tyler Nubin,DB,65.35000000000001,-54.59999999999998
Malik Hooker,DB,65.35000000000001,-54.59999999999998
Greg Newsome II,DB,61.800000000000004,-58.149999999999984
Isaiah Pola-Mao,DB,63.900000000000006,-56.04999999999998
Caleb Ransaw,DB,61.15,-58.79999999999999
Myles Harden,DB,59.8,-60.14999999999999
Tony Adams,DB,59.650000000000006,-60.29999999999998
Donte Jackson,DB,54.150000000000006,-65.79999999999998
Michael Taaffe,DB,59.8,-60.14999999999999
Andre Cisco,DB,59.849999999999994,-60.099999999999994
Darien Porter,DB,55.65,-64.29999999999998
Denzel Burke,DB,54.0,-65.94999999999999
Chuck Clark,DB,55.75,-64.19999999999999
Malachi Moore,DB,56.55,-63.39999999999999
Jonathan Owens,DB,55.55,-64.39999999999999
Cam Taylor-Britt,DB,50.04999999999999,-69.9
Jaden Hicks,DB,51.949999999999996,-68.0
Theo Jackson,DB,53.050000000000004,-66.89999999999998
Jason Pinnock,DB,52.9,-67.04999999999998
Jahdae Barron,DB,49.65,-70.29999999999998
Shavon Revel Jr.,DB,47.699999999999996,-72.25
Trey Amos,DB,46.74999999999999,-73.19999999999999
Kitan Oladapo,DB,47.699999999999996,-72.25
RJ Mickens,DB,46.800000000000004,-73.14999999999998
Jordan Hancock,DB,47.14999999999999,-72.8
Kristian Fulton,DB,43.85000000000001,-76.09999999999998
Carrington Valentine,DB,44.2,-75.74999999999999
Jarrian Jones,DB,43.45,-76.49999999999999
Jaylen McCollough,DB,42.900000000000006,-77.04999999999998
Ar'Darius Washington,DB,41.85,-78.1
Marques Sigle,DB,43.10000000000001,-76.84999999999998
Quincy Riley,DB,37.300000000000004,-82.64999999999998
Josh Newton,DB,37.0,-82.94999999999999
Lathan Ransom,DB,38.39999999999999,-81.55
Jalon Kilgore,DB,37.65,-82.29999999999998
Justin Walley,DB,34.949999999999996,-85.0
Rayshawn Jenkins,DB,35.6,-84.35
Amik Robertson,DB,33.65,-86.29999999999998
Kendal Daniels,DB,35.949999999999996,-84.0
D'Angelo Ponds,DB,33.74999999999999,-86.19999999999999
Colton Hood,DB,33.75,-86.19999999999999
Julian Neal,DB,33.14999999999999,-86.8
Jermod McCoy,DB,31.299999999999994,-88.64999999999999
Dell Pettus,DB,30.250000000000004,-89.69999999999999
Marcellas Dial Jr.,DB,29.849999999999994,-90.1
Tacario Davis,DB,27.89999999999999,-92.05
Ronnie Harrison Jr.,DB,17.3,-102.64999999999999
James Williams Sr.,DB,16.55,-103.39999999999999
Christian Izien,DB,12.950000000000001,-106.99999999999999
Jamal Adams,DB,0.0,-119.94999999999999
